node_id,lon,lat
0,13.2259,52.528
1,13.2256,52.5282
2,13.2255,52.5282
3,13.2254,52.5283
4,13.2253,52.5283
5,13.2252,52.5283
6,13.225,52.5284
7,13.2248,52.5284
8,13.2247,52.5284
9,13.2245,52.5284
10,13.2243,52.5284
11,13.2242,52.5284
12,13.2241,52.5284
13,13.2238,52.5276
14,13.2234,52.5277
15,13.2426,52.528
16,13.2426,52.5281
17,13.2427,52.5281
18,13.2427,52.5282
19,13.2424,52.5283
20,13.2421,52.5285
21,13.2418,52.5286
22,13.2314,52.5285
23,13.2319,52.5284
24,13.2321,52.5284
25,13.2325,52.5284
26,13.2326,52.5285
27,13.2328,52.5285
28,13.2162,52.5269
29,13.2165,52.5269
30,13.2168,52.527
31,13.217,52.527
32,13.2173,52.5271
33,13.2175,52.5271
34,13.2177,52.5272
35,13.218,52.5273
36,13.2183,52.5274
37,13.2188,52.5277
38,13.2192,52.5278
39,13.2196,52.528
40,13.2198,52.528
41,13.22,52.5281
42,13.2202,52.5282
43,13.2205,52.5283
44,13.2207,52.5283
45,13.221,52.5284
46,13.2212,52.5285
47,13.2213,52.5285
48,13.2215,52.5285
49,13.2217,52.5286
50,13.2218,52.5286
51,13.2219,52.5286
52,13.222,52.5286
53,13.2223,52.5287
54,13.2225,52.5287
55,13.2228,52.5287
56,13.2231,52.5288
57,13.2235,52.5288
58,13.2239,52.5288
59,13.2243,52.5288
60,13.2246,52.5288
61,13.2248,52.5288
62,13.2251,52.5287
63,13.2253,52.5287
64,13.2256,52.5287
65,13.226,52.5286
66,13.2268,52.5285
67,13.2273,52.5284
68,13.2285,52.5282
69,13.2286,52.5282
70,13.2287,52.5282
71,13.2288,52.5282
72,13.2316,52.5277
73,13.2317,52.5277
74,13.2318,52.5277
75,13.2324,52.5276
76,13.2326,52.5276
77,13.2331,52.5275
78,13.2337,52.5274
79,13.2344,52.5273
80,13.2415,52.5281
81,13.2415,52.5282
82,13.2415,52.5283
83,13.2417,52.5289
84,13.2424,52.5293
85,13.2425,52.5294
86,13.2426,52.5294
87,13.2427,52.5296
88,13.2169,52.5288
89,13.217,52.5288
90,13.2171,52.5287
91,13.2171,52.5286
92,13.2475,52.5295
93,13.2473,52.5294
94,13.2472,52.5294
95,13.2471,52.5294
96,13.2462,52.5298
97,13.2456,52.5299
98,13.2448,52.5302
99,13.2447,52.5303
100,13.2452,52.5313
101,13.2453,52.5315
102,13.2471,52.5325
103,13.247,52.5323
104,13.247,52.5322
105,13.2469,52.5322
106,13.2468,52.5322
107,13.2469,52.5326
108,13.2471,52.5326
109,13.2474,52.5325
110,13.2477,52.5331
111,13.2477,52.5332
112,13.2478,52.5331
113,13.2479,52.5331
114,13.2477,52.5326
115,13.2476,52.5325
116,13.2167,52.5334
117,13.2182,52.5332
118,13.2183,52.5332
119,13.2187,52.5333
120,13.2473,52.5346
121,13.2473,52.5345
122,13.2472,52.5344
123,13.2472,52.5342
124,13.2472,52.5341
125,13.2472,52.534
126,13.2471,52.5339
127,13.2473,52.5315
128,13.2472,52.5315
129,13.2468,52.5315
130,13.2399,52.5284
131,13.2398,52.5284
132,13.2392,52.5286
133,13.2387,52.5288
134,13.2384,52.5288
135,13.2382,52.5289
136,13.2381,52.5289
137,13.2378,52.5289
138,13.2372,52.529
139,13.237,52.529
140,13.2368,52.5291
141,13.2367,52.5291
142,13.2354,52.5292
143,13.2346,52.5293
144,13.2343,52.5294
145,13.2337,52.5294
146,13.2336,52.5294
147,13.2333,52.5295
148,13.2331,52.5295
149,13.2327,52.5295
150,13.232,52.5296
151,13.2315,52.5297
152,13.2306,52.5298
153,13.2276,52.5301
154,13.2269,52.5302
155,13.2267,52.5303
156,13.2265,52.5303
157,13.2257,52.5304
158,13.2244,52.5305
159,13.2241,52.5306
160,13.2239,52.5306
161,13.2238,52.5306
162,13.2232,52.5307
163,13.222,52.5308
164,13.2215,52.5308
165,13.2214,52.5309
166,13.2209,52.5309
167,13.2208,52.5309
168,13.2207,52.5309
169,13.2199,52.531
170,13.2185,52.5312
171,13.218,52.5312
172,13.2169,52.5314
173,13.2162,52.5315
174,13.2151,52.5316
175,13.2145,52.5317
176,13.214,52.5317
177,13.2139,52.5317
178,13.2138,52.5318
179,13.2434,52.5362
180,13.2433,52.536
181,13.2477,52.5356
182,13.2469,52.5359
183,13.2471,52.5361
184,13.2472,52.5364
185,13.2466,52.5373
186,13.2465,52.5373
187,13.2464,52.5373
188,13.2462,52.5371
189,13.2462,52.537
190,13.2463,52.5368
191,13.2464,52.5367
192,13.2463,52.5366
193,13.2447,52.5345
194,13.2448,52.5345
195,13.2449,52.5344
196,13.245,52.5344
197,13.2455,52.5342
198,13.2456,52.5342
199,13.2457,52.5343
200,13.2473,52.5356
201,13.2474,52.5356
202,13.2475,52.5355
203,13.2478,52.5355
204,13.2477,52.5352
205,13.2221,52.539
206,13.2221,52.5389
207,13.2221,52.5386
208,13.2221,52.5385
209,13.2224,52.5383
210,13.2218,52.539
211,13.2218,52.5389
212,13.2218,52.5386
213,13.2219,52.5385
214,13.2219,52.5382
215,13.2172,52.5387
216,13.218,52.5388
217,13.2231,52.5402
218,13.2231,52.5408
219,13.2476,52.5406
220,13.2475,52.5406
221,13.2474,52.5406
222,13.2473,52.5406
223,13.247,52.5406
224,13.2473,52.542
225,13.2472,52.542
226,13.2471,52.542
227,13.2209,52.5397
228,13.2212,52.5397
229,13.2212,52.5394
230,13.2209,52.5393
231,13.2257,52.5424
232,13.2257,52.5425
233,13.2262,52.5434
234,13.242,52.5469
235,13.2421,52.5465
236,13.2422,52.5457
237,13.2328,52.5472
238,13.2329,52.5471
239,13.233,52.5471
240,13.2331,52.5469
241,13.2333,52.5467
242,13.2334,52.5465
243,13.2335,52.5464
244,13.2476,52.5448
245,13.2474,52.5446
246,13.2471,52.5443
247,13.2471,52.5442
248,13.2172,52.5377
249,13.2174,52.5376
250,13.2182,52.5373
251,13.2187,52.5372
252,13.2191,52.537
253,13.2197,52.5369
254,13.2201,52.5369
255,13.2205,52.5368
256,13.2209,52.5368
257,13.2212,52.5368
258,13.2214,52.5369
259,13.2221,52.5369
260,13.2229,52.537
261,13.2229,52.5371
262,13.223,52.5371
263,13.2231,52.5371
264,13.2233,52.5371
265,13.2237,52.5372
266,13.2302,52.5383
267,13.2301,52.5382
268,13.2298,52.5382
269,13.2295,52.5381
270,13.2333,52.541
271,13.233,52.5408
272,13.2329,52.5407
273,13.2328,52.5407
274,13.2327,52.5407
275,13.2326,52.5407
276,13.2325,52.5407
277,13.2377,52.539
278,13.238,52.539
279,13.2383,52.539
280,13.2387,52.5389
281,13.239,52.5389
282,13.2391,52.5389
283,13.2406,52.5387
284,13.2407,52.5387
285,13.2413,52.5386
286,13.2415,52.5386
287,13.2423,52.5385
288,13.2438,52.5383
289,13.2442,52.5383
290,13.2445,52.5382
291,13.245,52.5382
292,13.2452,52.5382
293,13.2467,52.5381
294,13.2469,52.5381
295,13.2322,52.5384
296,13.2324,52.5384
297,13.2326,52.5384
298,13.2332,52.5385
299,13.2341,52.5386
300,13.2352,52.5388
301,13.2358,52.5389
302,13.2362,52.5389
303,13.2364,52.5389
304,13.2366,52.539
305,13.2368,52.539
306,13.2371,52.539
307,13.2375,52.539
308,13.2353,52.5396
309,13.235,52.5396
310,13.2345,52.5396
311,13.2341,52.5396
312,13.2338,52.5396
313,13.2337,52.5396
314,13.2333,52.5395
315,13.233,52.5395
316,13.2327,52.5395
317,13.2327,52.5394
318,13.2323,52.5393
319,13.2323,52.5394
320,13.2323,52.5395
321,13.2323,52.5397
322,13.2323,52.5416
323,13.2322,52.5411
324,13.2322,52.5409
325,13.2322,52.5408
326,13.2322,52.5407
327,13.2301,52.5381
328,13.2306,52.5381
329,13.2311,52.5382
330,13.2314,52.5382
331,13.2317,52.5383
332,13.2318,52.5383
333,13.2319,52.5383
334,13.2321,52.5407
335,13.232,52.5407
336,13.2319,52.5407
337,13.2319,52.5408
338,13.2318,52.5408
339,13.2317,52.5409
340,13.2319,52.5392
341,13.2318,52.5392
342,13.2317,52.5391
343,13.247,52.5442
344,13.2469,52.5442
345,13.2468,52.5442
346,13.2465,52.5443
347,13.2464,52.5443
348,13.2462,52.5443
349,13.246,52.5443
350,13.247,52.5441
351,13.2472,52.5441
352,13.2455,52.5443
353,13.2458,52.5443
354,13.2459,52.5443
355,13.2461,52.5443
356,13.2463,52.5442
357,13.2466,52.5442
358,13.2468,52.5441
359,13.2469,52.5441
360,13.247,52.544
361,13.2469,52.5438
362,13.2469,52.5436
363,13.2469,52.5434
364,13.247,52.5434
365,13.2471,52.5436
366,13.2471,52.5438
367,13.2471,52.5439
368,13.2471,52.544
369,13.2472,52.5442
370,13.2473,52.5442
371,13.2473,52.5444
372,13.2474,52.5445
373,13.2475,52.5446
374,13.2399,52.5429
375,13.2398,52.543
376,13.2389,52.5443
377,13.2265,52.5459
378,13.2262,52.5453
379,13.2262,52.5452
380,13.226,52.5447
381,13.2259,52.5445
382,13.2253,52.5462
383,13.2255,52.5461
384,13.2404,52.5283
385,13.241,52.5282
386,13.243,52.528
387,13.2434,52.5279
388,13.2437,52.5279
389,13.2438,52.5279
390,13.2441,52.5278
391,13.2444,52.5278
392,13.2448,52.5278
393,13.2456,52.5277
394,13.2247,52.5448
395,13.2247,52.5447
396,13.2248,52.5447
397,13.2254,52.5446
398,13.2256,52.5446
399,13.2277,52.5457
400,13.2273,52.545
401,13.2269,52.5443
402,13.2288,52.5455
403,13.2285,52.5448
404,13.2281,52.5441
405,13.2294,52.5477
406,13.2299,52.5471
407,13.2301,52.5469
408,13.2301,52.5468
409,13.2302,52.5468
410,13.2303,52.5467
411,13.2311,52.5459
412,13.2313,52.5458
413,13.2304,52.5468
414,13.2318,52.5407
415,13.2322,52.5406
416,13.2325,52.5406
417,13.2319,52.5444
418,13.2319,52.5446
419,13.2318,52.5448
420,13.2317,52.545
421,13.2317,52.5452
422,13.2314,52.5455
423,13.2315,52.5453
424,13.2316,52.545
425,13.2317,52.5448
426,13.2317,52.5447
427,13.2318,52.5446
428,13.2321,52.5438
429,13.2323,52.5431
430,13.2323,52.5429
431,13.2323,52.5427
432,13.2323,52.5425
433,13.2323,52.5422
434,13.2368,52.5468
435,13.2367,52.5468
436,13.2361,52.5466
437,13.236,52.5466
438,13.2357,52.5465
439,13.2355,52.5464
440,13.2354,52.5464
441,13.2349,52.5462
442,13.2348,52.5462
443,13.2344,52.546
444,13.2343,52.546
445,13.2339,52.5458
446,13.2337,52.5457
447,13.2333,52.5456
448,13.2331,52.5455
449,13.232,52.5452
450,13.2319,52.5451
451,13.2318,52.5452
452,13.232,52.5451
453,13.2321,52.5448
454,13.2322,52.5445
455,13.2324,52.5438
456,13.2326,52.5432
457,13.2383,52.5447
458,13.2382,52.5447
459,13.2327,52.5432
460,13.2385,52.5448
461,13.2384,52.5448
462,13.2302,52.5467
463,13.2302,52.5466
464,13.2301,52.5466
465,13.2298,52.5465
466,13.2297,52.5463
467,13.2296,52.5463
468,13.2295,52.5462
469,13.2294,52.5461
470,13.2293,52.546
471,13.2293,52.5458
472,13.2292,52.5456
473,13.2292,52.5454
474,13.2294,52.545
475,13.2295,52.5446
476,13.2299,52.5438
477,13.2302,52.543
478,13.2302,52.5429
479,13.2302,52.5428
480,13.2302,52.5427
481,13.2302,52.5419
482,13.2435,52.5451
483,13.2433,52.5451
484,13.2429,52.5451
485,13.2414,52.545
486,13.2413,52.545
487,13.2438,52.5439
488,13.2437,52.544
489,13.2436,52.5444
490,13.2436,52.5445
491,13.2435,52.545
492,13.2434,52.5455
493,13.2433,52.5457
494,13.2433,52.5459
495,13.2433,52.5461
496,13.2432,52.5461
497,13.2431,52.5466
498,13.2431,52.5469
499,13.2374,52.5463
500,13.2376,52.5464
501,13.2381,52.5465
502,13.2385,52.5466
503,13.2388,52.5466
504,13.2391,52.5467
505,13.2395,52.5467
506,13.2405,52.5468
507,13.2409,52.5468
508,13.2372,52.5463
509,13.2373,52.5463
510,13.2388,52.5415
511,13.2391,52.5411
512,13.2392,52.541
513,13.2394,52.5408
514,13.2395,52.5406
515,13.2396,52.5404
516,13.2397,52.5403
517,13.2166,52.5359
518,13.2167,52.5359
519,13.217,52.5359
520,13.2183,52.5358
521,13.2196,52.5357
522,13.2209,52.5355
523,13.2222,52.5354
524,13.2224,52.5354
525,13.2235,52.5352
526,13.2242,52.5351
527,13.2255,52.535
528,13.2269,52.5348
529,13.2279,52.5346
530,13.2289,52.5344
531,13.2329,52.5337
532,13.2343,52.5334
533,13.2443,52.5441
534,13.2443,52.544
535,13.2443,52.5439
536,13.244,52.5436
537,13.2439,52.5436
538,13.2432,52.543
539,13.2432,52.5429
540,13.2427,52.5425
541,13.2423,52.5424
542,13.2339,52.5405
543,13.2338,52.5405
544,13.2337,52.5405
545,13.2336,52.5405
546,13.2334,52.5405
547,13.2331,52.5406
548,13.233,52.5406
549,13.233,52.5407
550,13.2416,52.5434
551,13.2416,52.5435
552,13.2415,52.5438
553,13.2415,52.5442
554,13.2413,52.5449
555,13.2412,52.545
556,13.2412,52.5452
557,13.2392,52.5416
558,13.2393,52.5416
559,13.2405,52.5419
560,13.2409,52.542
561,13.2409,52.5467
562,13.2463,52.5468
563,13.2455,52.5468
564,13.2437,52.5466
565,13.2436,52.5466
566,13.2437,52.5462
567,13.2135,52.5309
568,13.2136,52.5309
569,13.2152,52.5307
570,13.2154,52.5307
571,13.2156,52.5306
572,13.216,52.5305
573,13.2162,52.5304
574,13.2181,52.5302
575,13.2179,52.5296
576,13.2162,52.5302
577,13.2163,52.5301
578,13.2166,52.5297
579,13.2168,52.5295
580,13.217,52.5293
581,13.2172,52.5292
582,13.2174,52.5291
583,13.2175,52.529
584,13.2176,52.529
585,13.2177,52.529
586,13.2179,52.5289
587,13.218,52.5289
588,13.2183,52.5288
589,13.2186,52.5288
590,13.2187,52.5287
591,13.2188,52.5287
592,13.2189,52.5287
593,13.2191,52.5287
594,13.2194,52.5287
595,13.2195,52.5287
596,13.2196,52.5287
597,13.22,52.5287
598,13.2202,52.5287
599,13.2206,52.5288
600,13.2213,52.5289
601,13.2216,52.529
602,13.2217,52.529
603,13.2217,52.5291
604,13.2217,52.5292
605,13.2209,52.5298
606,13.2169,52.5296
607,13.2171,52.5296
608,13.2174,52.5296
609,13.2176,52.5296
610,13.2178,52.5293
611,13.2178,52.5291
612,13.2175,52.5291
613,13.2181,52.5293
614,13.2183,52.5292
615,13.2185,52.5292
616,13.2188,52.5292
617,13.219,52.5292
618,13.2191,52.5292
619,13.2192,52.5291
620,13.2195,52.5291
621,13.2197,52.5291
622,13.2201,52.5291
623,13.2187,52.5289
624,13.2184,52.5289
625,13.2182,52.5289
626,13.218,52.529
627,13.2182,52.5287
628,13.2182,52.5286
629,13.2181,52.5285
630,13.218,52.5285
631,13.2178,52.5284
632,13.2177,52.5284
633,13.2176,52.5284
634,13.2175,52.5284
635,13.2173,52.5284
636,13.2172,52.5284
637,13.217,52.5285
638,13.2172,52.5287
639,13.2173,52.5288
640,13.2174,52.5289
641,13.2347,52.5332
642,13.2349,52.5331
643,13.2361,52.5325
644,13.2359,52.5327
645,13.2358,52.5328
646,13.2356,52.533
647,13.2352,52.5331
648,13.2353,52.5332
649,13.2361,52.533
650,13.2368,52.5328
651,13.2375,52.5326
652,13.2383,52.5323
653,13.239,52.532
654,13.2402,52.5314
655,13.2414,52.5309
656,13.2415,52.5307
657,13.2413,52.5305
658,13.2412,52.5303
659,13.241,52.5299
660,13.2408,52.5296
661,13.2407,52.5294
662,13.2405,52.5291
663,13.2403,52.5288
664,13.2401,52.5287
665,13.24,52.5285
666,13.2399,52.5285
667,13.2404,52.5339
668,13.2403,52.5339
669,13.2401,52.5339
670,13.2397,52.534
671,13.2393,52.534
672,13.2389,52.534
673,13.2387,52.534
674,13.2384,52.534
675,13.2376,52.5341
676,13.2373,52.5342
677,13.2371,52.5342
678,13.2369,52.5342
679,13.2368,52.5343
680,13.2368,52.5344
681,13.2369,52.5348
682,13.237,52.5349
683,13.2371,52.535
684,13.2373,52.535
685,13.2379,52.5352
686,13.2391,52.5355
687,13.2401,52.5358
688,13.2404,52.5359
689,13.241,52.5362
690,13.242,52.5366
691,13.2422,52.5366
692,13.2423,52.5366
693,13.2425,52.5366
694,13.2426,52.5366
695,13.2442,52.5363
696,13.2444,52.5362
697,13.2446,52.5362
698,13.2448,52.5363
699,13.2306,52.5299
700,13.2307,52.5301
701,13.2308,52.5304
702,13.2311,52.5313
703,13.2311,52.5314
704,13.2312,52.5316
705,13.2314,52.5322
706,13.2315,52.5324
707,13.2315,52.5325
708,13.2314,52.5326
709,13.2315,52.5329
710,13.2315,52.533
711,13.2316,52.5331
712,13.2317,52.5331
713,13.2318,52.5331
714,13.2327,52.533
715,13.2328,52.533
716,13.231,52.5314
717,13.2308,52.5315
718,13.2307,52.5315
719,13.2307,52.5316
720,13.2306,52.5317
721,13.2308,52.5322
722,13.2307,52.5322
723,13.2306,52.5322
724,13.2304,52.5317
725,13.2305,52.5317
726,13.2303,52.5317
727,13.2302,52.5317
728,13.23,52.5317
729,13.2297,52.5318
730,13.2295,52.5318
731,13.2293,52.5318
732,13.229,52.5319
733,13.2292,52.5324
734,13.2293,52.5324
735,13.2294,52.5324
736,13.2292,52.5319
737,13.2299,52.5323
738,13.23,52.5323
739,13.2301,52.5323
740,13.2299,52.5318
741,13.2313,52.5326
742,13.231,52.5326
743,13.231,52.5327
744,13.2309,52.5327
745,13.2285,52.5319
746,13.2287,52.5325
747,13.2314,52.5331
748,13.2313,52.5331
749,13.2312,52.5331
750,13.2311,52.5331
751,13.231,52.5331
752,13.231,52.5329
753,13.2309,52.5328
754,13.2313,52.5316
755,13.2319,52.5316
756,13.233,52.5314
757,13.2334,52.5314
758,13.2335,52.5314
759,13.2336,52.5315
760,13.2343,52.5311
761,13.2331,52.5313
762,13.2331,52.5312
763,13.2333,52.5296
764,13.233,52.5301
765,13.2329,52.5301
766,13.2325,52.5302
767,13.2311,52.5303
768,13.2304,52.5301
769,13.2303,52.5301
770,13.2302,52.5302
771,13.2301,52.5302
772,13.2301,52.5303
773,13.23,52.5303
774,13.2299,52.5303
775,13.2292,52.5304
776,13.2287,52.5304
777,13.2286,52.5304
778,13.228,52.5305
779,13.2283,52.5315
780,13.2279,52.5303
781,13.2266,52.5305
782,13.2309,52.5314
783,13.2308,52.5314
784,13.2306,52.5314
785,13.2305,52.5314
786,13.2304,52.5314
787,13.2286,52.5316
788,13.2478,52.54
789,13.2476,52.54
790,13.2475,52.54
791,13.2473,52.54
792,13.2458,52.5398
793,13.238,52.5348
794,13.2379,52.5348
795,13.2378,52.5349
796,13.2376,52.5349
797,13.2375,52.5349
798,13.234,52.5404
799,13.2342,52.5404
800,13.2344,52.5404
801,13.2427,52.5419
802,13.2429,52.5416
803,13.2429,52.5415
804,13.2429,52.5414
805,13.2428,52.5413
806,13.2426,52.5411
807,13.2424,52.541
808,13.2423,52.541
809,13.2421,52.5409
810,13.2418,52.5408
811,13.2417,52.5408
812,13.2416,52.5408
813,13.2413,52.5407
814,13.2411,52.5407
815,13.241,52.5407
816,13.2405,52.5405
817,13.2404,52.5405
818,13.2401,52.5404
819,13.24,52.5404
820,13.2388,52.5401
821,13.2384,52.54
822,13.2381,52.5399
823,13.2378,52.5399
824,13.2375,52.5398
825,13.2371,52.5398
826,13.2358,52.5398
827,13.2356,52.5398
828,13.2354,52.5399
829,13.2352,52.54
830,13.2349,52.5401
831,13.2347,52.5403
832,13.2342,52.5406
833,13.2404,52.534
834,13.2405,52.5342
835,13.2408,52.5346
836,13.2408,52.5347
837,13.2409,52.5349
838,13.2414,52.5356
839,13.2416,52.536
840,13.2418,52.536
841,13.2424,52.5359
842,13.2424,52.5358
843,13.2444,52.5353
844,13.2451,52.5352
845,13.2443,52.534
846,13.2439,52.534
847,13.2438,52.5339
848,13.2428,52.5341
849,13.2389,52.5339
850,13.2384,52.5332
851,13.2385,52.5331
852,13.239,52.5329
853,13.2395,52.5327
854,13.24,52.5325
855,13.2402,52.5325
856,13.2416,52.5318
857,13.2417,52.5317
858,13.2396,52.5339
859,13.2396,52.5338
860,13.2391,52.533
861,13.2413,52.5332
862,13.2405,52.5334
863,13.2403,52.5334
864,13.2402,52.5337
865,13.2326,52.5406
866,13.2327,52.5406
867,13.2328,52.5406
868,13.2329,52.5406
869,13.2326,52.5431
870,13.2327,52.5428
871,13.2327,52.5427
872,13.2327,52.5426
873,13.2328,52.5424
874,13.2327,52.5423
875,13.2327,52.5421
876,13.2326,52.5418
877,13.2441,52.5435
878,13.2442,52.5434
879,13.2443,52.5434
880,13.2445,52.5433
881,13.2446,52.5433
882,13.2467,52.543
883,13.2468,52.543
884,13.2469,52.543
885,13.2471,52.543
886,13.2284,52.5369
887,13.2286,52.537
888,13.2288,52.537
889,13.229,52.5371
890,13.229,52.5372
891,13.229,52.5373
892,13.229,52.5375
893,13.229,52.5376
894,13.2289,52.5378
895,13.2289,52.5379
896,13.2396,52.5429
897,13.2395,52.5428
898,13.239,52.5427
899,13.2386,52.5426
900,13.2383,52.5425
901,13.2382,52.5425
902,13.2378,52.5424
903,13.2371,52.5422
904,13.2368,52.5421
905,13.2366,52.542
906,13.2364,52.542
907,13.2361,52.5419
908,13.2359,52.5419
909,13.2358,52.5419
910,13.2357,52.5418
911,13.2354,52.5418
912,13.2353,52.5417
913,13.235,52.5416
914,13.2349,52.5416
915,13.2347,52.5416
916,13.2342,52.5414
917,13.2339,52.5413
918,13.2338,52.5413
919,13.2336,52.5412
920,13.2335,52.5411
921,13.2334,52.5411
922,13.2219,52.5367
923,13.2219,52.5368
924,13.2221,52.5368
925,13.2258,52.5445
926,13.226,52.5445
927,13.2263,52.5444
928,13.2264,52.5444
929,13.2275,52.5442
930,13.2289,52.5439
931,13.2296,52.5438
932,13.2297,52.5438
933,13.2298,52.5438
934,13.2256,52.5461
935,13.2262,52.546
936,13.2268,52.5459
937,13.227,52.5458
938,13.2271,52.5458
939,13.2272,52.5458
940,13.2274,52.5458
941,13.2279,52.5457
942,13.2281,52.5456
943,13.2282,52.5456
944,13.2283,52.5456
945,13.2285,52.5456
946,13.2254,52.5465
947,13.2254,52.5463
948,13.2253,52.5463
949,13.2253,52.5461
950,13.2251,52.5458
951,13.2249,52.5455
952,13.2249,52.5454
953,13.2246,52.5449
954,13.2246,52.5448
955,13.2258,52.5473
956,13.226,52.5473
957,13.226,52.5472
958,13.2261,52.5472
959,13.2268,52.5469
960,13.227,52.5469
961,13.2279,52.5465
962,13.2291,52.5461
963,13.2476,52.5383
964,13.2475,52.5383
965,13.2471,52.5383
966,13.247,52.5383
967,13.2467,52.5384
968,13.2463,52.5384
969,13.246,52.5384
970,13.2454,52.5384
971,13.2451,52.5384
972,13.2447,52.5385
973,13.2442,52.5385
974,13.2438,52.5385
975,13.2433,52.5438
976,13.2431,52.5438
977,13.243,52.5437
978,13.2424,52.5436
979,13.2423,52.5435
980,13.2421,52.5435
981,13.2398,52.5429
982,13.2323,52.5384
983,13.2324,52.5385
984,13.2324,52.5386
985,13.2324,52.5387
986,13.2324,52.5389
987,13.2323,52.539
988,13.2323,52.5391
989,13.2323,52.5392
990,13.2316,52.5391
991,13.2315,52.539
992,13.2308,52.5385
993,13.2305,52.5384
994,13.232,52.5395
995,13.232,52.5394
996,13.2319,52.5393
997,13.2319,52.5391
998,13.2319,52.5389
999,13.2228,52.539
1000,13.224,52.539
1001,13.2241,52.539
1002,13.2242,52.5391
1003,13.2245,52.5391
1004,13.2246,52.5391
1005,13.2249,52.5391
1006,13.225,52.5391
1007,13.2251,52.5391
1008,13.2256,52.5391
1009,13.2258,52.5391
1010,13.226,52.539
1011,13.2261,52.539
1012,13.2264,52.5389
1013,13.2261,52.541
1014,13.2261,52.5411
1015,13.226,52.5421
1016,13.226,52.5422
1017,13.2259,52.5422
1018,13.2258,52.5422
1019,13.2256,52.5422
1020,13.2248,52.5422
1021,13.2241,52.5422
1022,13.2249,52.5394
1023,13.2249,52.5397
1024,13.2248,52.5402
1025,13.2248,52.5403
1026,13.2248,52.5409
1027,13.2247,52.5409
1028,13.2247,52.5412
1029,13.22,52.539
1030,13.22,52.5384
1031,13.2196,52.538
1032,13.2194,52.5377
1033,13.2208,52.531
1034,13.2209,52.5313
1035,13.2209,52.5314
1036,13.2208,52.5314
1037,13.2207,52.5316
1038,13.2208,52.5322
1039,13.2209,52.5325
1040,13.2328,52.5402
1041,13.233,52.5401
1042,13.2329,52.54
1043,13.2335,52.5398
1044,13.2337,52.5398
1045,13.2337,52.5397
1046,13.2443,52.5413
1047,13.2441,52.5413
1048,13.2439,52.5413
1049,13.2437,52.5412
1050,13.2436,52.5412
1051,13.2435,52.5411
1052,13.2438,52.5402
1053,13.2438,52.5401
1054,13.2439,52.54
1055,13.2439,52.5399
1056,13.2439,52.5398
1057,13.244,52.5396
1058,13.244,52.5395
1059,13.244,52.5394
1060,13.244,52.5393
1061,13.2441,52.5392
1062,13.2441,52.5391
1063,13.2441,52.5389
1064,13.2441,52.5388
1065,13.2442,52.5387
1066,13.2442,52.5386
1067,13.246,52.5385
1068,13.246,52.5386
1069,13.246,52.5387
1070,13.246,52.5388
1071,13.246,52.5389
1072,13.2233,52.5441
1073,13.2229,52.5442
1074,13.2297,52.5466
1075,13.2296,52.5466
1076,13.2298,52.5467
1077,13.218,52.5381
1078,13.2181,52.538
1079,13.2183,52.5381
1080,13.2184,52.5381
1081,13.2188,52.5386
1082,13.2189,52.5386
1083,13.2196,52.5381
1084,13.2197,52.5381
1085,13.2199,52.5384
1086,13.22,52.5388
1087,13.2387,52.5382
1088,13.2372,52.5385
1089,13.2371,52.5385
1090,13.2407,52.5385
1091,13.2407,52.5384
1092,13.241,52.5383
1093,13.2243,52.5289
1094,13.2172,52.5286
1095,13.2172,52.5288
1096,13.217,52.5289
1097,13.2395,52.5288
1098,13.2393,52.5289
1099,13.2388,52.529
1100,13.2387,52.5291
1101,13.2387,52.5292
1102,13.2387,52.5293
1103,13.2387,52.5294
1104,13.2386,52.5295
1105,13.2368,52.5389
1106,13.2369,52.5387
1107,13.2368,52.5385
1108,13.2368,52.5384
1109,13.2367,52.5383
1110,13.2366,52.5383
1111,13.2357,52.5379
1112,13.2354,52.5378
1113,13.2352,52.5376
1114,13.2351,52.5376
1115,13.235,52.5374
1116,13.2349,52.5371
1117,13.231,52.5394
1118,13.2313,52.5392
1119,13.2314,52.5392
1120,13.2315,52.5392
1121,13.2315,52.5391
1122,13.2232,52.5373
1123,13.2192,52.5372
1124,13.219,52.537
1125,13.2189,52.5369
1126,13.2188,52.5369
1127,13.2187,52.5366
1128,13.2186,52.5365
1129,13.2165,52.5367
1130,13.2166,52.5373
1131,13.2169,52.5375
1132,13.2171,52.5375
1133,13.2172,52.5374
1134,13.2173,52.5374
1135,13.2176,52.5373
1136,13.218,52.5372
1137,13.2187,52.5369
1138,13.2312,52.5376
1139,13.2313,52.5376
1140,13.2313,52.5375
1141,13.2317,52.5374
1142,13.232,52.5374
1143,13.2323,52.5373
1144,13.2319,52.5362
1145,13.232,52.5362
1146,13.2321,52.5361
1147,13.2321,52.536
1148,13.2317,52.535
1149,13.2306,52.5354
1150,13.2305,52.5349
1151,13.2285,52.5397
1152,13.2285,52.5396
1153,13.2288,52.5392
1154,13.2285,52.5392
1155,13.2288,52.5396
1156,13.229,52.5329
1157,13.2289,52.5329
1158,13.2188,52.5301
1159,13.2286,52.533
1160,13.2281,52.5329
1161,13.2281,52.5328
1162,13.2276,52.5328
1163,13.2275,52.5328
1164,13.2272,52.5318
1165,13.2271,52.5318
1166,13.2266,52.5304
1167,13.2266,52.5303
1168,13.2452,52.5443
1169,13.2451,52.5443
1170,13.2449,52.5442
1171,13.2447,52.5442
1172,13.2435,52.5436
1173,13.2436,52.5435
1174,13.2433,52.5435
1175,13.2431,52.5437
1176,13.243,52.5438
1177,13.2438,52.5395
1178,13.2432,52.5396
1179,13.2439,52.5389
1180,13.2432,52.539
1181,13.2438,52.5386
1182,13.2439,52.5388
1183,13.2436,52.5401
1184,13.242,52.5401
1185,13.2417,52.54
1186,13.2415,52.5395
1187,13.2414,52.5393
1188,13.2414,52.5391
1189,13.2413,52.5391
1190,13.2413,52.5389
1191,13.2413,52.5388
1192,13.2411,52.5452
1193,13.2408,52.5452
1194,13.2402,52.5451
1195,13.2397,52.5451
1196,13.2394,52.545
1197,13.2392,52.545
1198,13.2387,52.5448
1199,13.2315,52.5455
1200,13.2314,52.5456
1201,13.2454,52.5461
1202,13.2457,52.546
1203,13.2438,52.5459
1204,13.2437,52.5461
1205,13.2446,52.546
1206,13.2451,52.546
1207,13.2454,52.5462
1208,13.2258,52.5472
1209,13.2256,52.5469
1210,13.2255,52.5467
1211,13.2255,52.5466
1212,13.2447,52.5433
1213,13.2422,52.5407
1214,13.2424,52.5407
1215,13.2427,52.5407
1216,13.2434,52.5407
1217,13.2446,52.5432
1218,13.2422,52.5406
1219,13.2422,52.5402
1220,13.2436,52.5402
1221,13.2431,52.542
1222,13.2433,52.5421
1223,13.2406,52.5418
1224,13.2406,52.5417
1225,13.2409,52.5414
1226,13.241,52.5414
1227,13.2325,52.5408
1228,13.2323,52.5412
1229,13.2384,52.5414
1230,13.238,52.5414
1231,13.2379,52.5414
1232,13.2373,52.5413
1233,13.2372,52.5413
1234,13.2367,52.5412
1235,13.2364,52.5411
1236,13.2357,52.541
1237,13.2356,52.541
1238,13.2355,52.541
1239,13.2354,52.541
1240,13.2351,52.5409
1241,13.2348,52.5408
1242,13.2346,52.5407
1243,13.234,52.5405
1244,13.2403,52.5436
1245,13.2404,52.5437
1246,13.2407,52.5438
1247,13.2408,52.5438
1248,13.245,52.5437
1249,13.2447,52.5435
1250,13.2397,52.5411
1251,13.2396,52.5411
1252,13.2395,52.541
1253,13.2394,52.541
1254,13.247,52.5432
1255,13.2398,52.5428
1256,13.2362,52.548
1257,13.2361,52.5478
1258,13.2366,52.5472
1259,13.2366,52.5471
1260,13.2367,52.547
1261,13.2368,52.5469
1262,13.2369,52.5467
1263,13.2373,52.5462
1264,13.2375,52.5459
1265,13.2381,52.545
1266,13.2383,52.5448
1267,13.223,52.5443
1268,13.2172,52.539
1269,13.2172,52.5386
1270,13.2172,52.5385
1271,13.218,52.5385
1272,13.2193,52.5377
1273,13.2197,52.538
1274,13.2198,52.5379
1275,13.2193,52.5374
1276,13.2192,52.5373
1277,13.2193,52.5375
1278,13.2192,52.5375
1279,13.2192,52.5376
1280,13.2446,52.5356
1281,13.2447,52.5358
1282,13.2447,52.5359
1283,13.2452,52.536
1284,13.2456,52.5361
1285,13.2458,52.5364
1286,13.2462,52.5365
1287,13.2466,52.5364
1288,13.2466,52.5363
1289,13.2463,52.5358
1290,13.2462,52.5358
1291,13.2461,52.5359
1292,13.246,52.5359
1293,13.2459,52.5359
1294,13.2458,52.5359
1295,13.2452,52.5364
1296,13.2453,52.5365
1297,13.2456,52.5368
1298,13.2457,52.537
1299,13.2459,52.5372
1300,13.246,52.5375
1301,13.2461,52.5376
1302,13.2467,52.532
1303,13.2467,52.5319
1304,13.2467,52.5318
1305,13.2466,52.5316
1306,13.246,52.539
1307,13.2459,52.5391
1308,13.2459,52.5392
1309,13.2459,52.5393
1310,13.2459,52.5395
1311,13.2458,52.5396
1312,13.2458,52.5397
1313,13.2454,52.5413
1314,13.2453,52.5415
1315,13.2451,52.5421
1316,13.2451,52.5422
1317,13.245,52.5422
1318,13.245,52.5424
1319,13.2449,52.5426
1320,13.2449,52.5397
1321,13.2445,52.5422
1322,13.2448,52.5401
1323,13.2444,52.5415
1324,13.2444,52.5416
1325,13.2445,52.5417
1326,13.2445,52.5418
1327,13.2444,52.542
1328,13.2444,52.5421
1329,13.2444,52.5422
1330,13.2448,52.5398
1331,13.2448,52.54
1332,13.2447,52.5424
1333,13.2445,52.5424
1334,13.2444,52.5423
1335,13.2462,52.5392
1336,13.2443,52.5415
1337,13.2449,52.5396
1338,13.2451,52.5388
1339,13.2444,52.5387
1340,13.2449,52.5395
1341,13.245,52.5393
1342,13.2451,52.5389
1343,13.2455,52.5386
1344,13.245,52.5394
1345,13.245,52.5391
1346,13.245,52.539
1347,13.2461,52.5397
1348,13.2472,52.5398
1349,13.2473,52.5393
1350,13.244,52.5414
1351,13.2451,52.5387
1352,13.2443,52.5387
1353,13.2447,52.5402
1354,13.2331,52.5403
1355,13.2295,52.5382
1356,13.2294,52.5382
1357,13.2292,52.5382
1358,13.2287,52.5382
1359,13.2301,52.5428
1360,13.23,52.5429
1361,13.2264,52.5435
1362,13.2261,52.5436
1363,13.2475,52.5412
1364,13.2473,52.5412
1365,13.2471,52.5412
1366,13.247,52.5412
1367,13.2469,52.5412
1368,13.2478,52.5391
1369,13.2477,52.5392
1370,13.2476,52.5392
1371,13.2474,52.5392
1372,13.2473,52.5392
1373,13.2462,52.5391
1374,13.232,52.5373
1375,13.2318,52.5369
1376,13.2319,52.5368
1377,13.2317,52.5363
1378,13.2318,52.5362
1379,13.2176,52.5286
1380,13.2299,52.5373
1381,13.23,52.5373
1382,13.2306,52.5373
1383,13.2306,52.5372
1384,13.2306,52.5371
1385,13.2304,52.5368
1386,13.2303,52.5369
1387,13.2297,52.5353
1388,13.2291,52.5354
1389,13.2287,52.5376
1390,13.2289,52.5373
1391,13.2288,52.5372
1392,13.2298,52.5372
1393,13.2284,52.5375
1394,13.2286,52.5372
1395,13.2473,52.5441
1396,13.2475,52.5441
1397,13.2384,52.545
1398,13.2382,52.5453
1399,13.2384,52.5446
1400,13.2387,52.5442
1401,13.2287,52.5283
1402,13.2286,52.5283
1403,13.2281,52.5284
1404,13.2261,52.5287
1405,13.2257,52.5288
1406,13.2253,52.5288
1407,13.2251,52.5288
1408,13.2247,52.5289
1409,13.224,52.5289
1410,13.2238,52.5289
1411,13.2236,52.5289
1412,13.2234,52.5289
1413,13.2227,52.5288
1414,13.2224,52.5288
1415,13.2221,52.5287
1416,13.229,52.5381
1417,13.2288,52.538
1418,13.2191,52.5372
1419,13.2188,52.5373
1420,13.2178,52.5376
1421,13.2175,52.5377
1422,13.2173,52.5378
1423,13.2166,52.538
1424,13.216,52.5381
1425,13.2157,52.5382
1426,13.2147,52.5384
1427,13.2144,52.5385
1428,13.2142,52.5385
1429,13.214,52.5385
1430,13.2139,52.5385
1431,13.2137,52.5386
1432,13.2134,52.5386
1433,13.213,52.5386
1434,13.2127,52.5386
1435,13.2121,52.5385
1436,13.2114,52.5384
1437,13.2111,52.5384
1438,13.211,52.5384
1439,13.2108,52.5384
1440,13.2107,52.5384
1441,13.2106,52.5384
1442,13.2105,52.5384
1443,13.2103,52.5384
1444,13.2474,52.5381
1445,13.2475,52.5381
1446,13.2476,52.5381
1447,13.2477,52.538
1448,13.2321,52.5399
1449,13.232,52.5396
1450,13.2304,52.5466
1451,13.2307,52.5463
1452,13.2309,52.5461
1453,13.2322,52.5405
1454,13.2322,52.5403
1455,13.2322,52.5401
1456,13.2179,52.5386
1457,13.2181,52.5386
1458,13.2319,52.5386
1459,13.2319,52.5385
1460,13.232,52.5385
1461,13.232,52.5384
1462,13.2321,52.5384
1463,13.2226,52.5406
1464,13.2228,52.5406
1465,13.2229,52.5407
1466,13.2228,52.5409
1467,13.2228,52.5411
1468,13.2228,52.5415
1469,13.2229,52.5418
1470,13.2233,52.5418
1471,13.2228,52.5419
1472,13.2225,52.5414
1473,13.2225,52.541
1474,13.2225,52.5409
1475,13.2224,52.5425
1476,13.2232,52.5423
1477,13.2234,52.5423
1478,13.2236,52.5423
1479,13.2234,52.5419
1480,13.221,52.5424
1481,13.2209,52.5421
1482,13.2419,52.5388
1483,13.2373,52.5393
1484,13.2359,52.5395
1485,13.2356,52.5396
1486,13.2477,52.5402
1487,13.2477,52.5404
1488,13.2475,52.5413
1489,13.2474,52.5415
1490,13.2472,52.5423
1491,13.2217,52.5287
1492,13.2214,52.5286
1493,13.2211,52.5286
1494,13.2209,52.5285
1495,13.2206,52.5284
1496,13.2204,52.5284
1497,13.2201,52.5283
1498,13.2198,52.5282
1499,13.2195,52.5281
1500,13.2188,52.5278
1501,13.2181,52.5275
1502,13.2179,52.5274
1503,13.2177,52.5273
1504,13.2175,52.5273
1505,13.2172,52.5272
1506,13.2169,52.5271
1507,13.2161,52.538
1508,13.2167,52.5378
1509,13.217,52.5377
1510,13.2247,52.5414
1511,13.2248,52.5415
1512,13.2248,52.5419
1513,13.2248,52.5421
1514,13.2371,52.5389
1515,13.2371,52.5388
1516,13.2371,52.5387
1517,13.2371,52.5384
1518,13.2362,52.5364
1519,13.2233,52.5411
1520,13.2234,52.5411
1521,13.224,52.5411
1522,13.2242,52.5403
1523,13.2242,52.5402
1524,13.2243,52.5401
1525,13.2243,52.5396
1526,13.2245,52.5394
1527,13.2245,52.5393
1528,13.2245,52.5392
1529,13.2233,52.5402
1530,13.2324,52.54
1531,13.2325,52.5402
1532,13.2325,52.5403
1533,13.2325,52.5405
1534,13.2257,52.5437
1535,13.2255,52.5437
1536,13.2249,52.5438
1537,13.2296,52.538
1538,13.2296,52.5379
1539,13.2296,52.5378
1540,13.2287,52.5354
1541,13.2282,52.5354
1542,13.2268,52.5357
1543,13.2266,52.5357
1544,13.2264,52.5357
1545,13.2263,52.5357
1546,13.2262,52.5357
1547,13.2257,52.5357
1548,13.2316,52.5315
1549,13.2317,52.5315
1550,13.2318,52.5315
1551,13.2319,52.5315
1552,13.2322,52.5323
1553,13.2316,52.5325
1554,13.2317,52.5325
1555,13.2325,52.5324
1556,13.2326,52.5324
1557,13.2327,52.5325
1558,13.2327,52.5324
1559,13.2329,52.5324
1560,13.233,52.5324
1561,13.2311,52.5304
1562,13.2312,52.5304
1563,13.2314,52.5305
1564,13.2315,52.5305
1565,13.2315,52.5306
1566,13.2316,52.5306
1567,13.2317,52.5309
1568,13.2317,52.531
1569,13.2293,52.5303
1570,13.2294,52.5303
1571,13.2295,52.5302
1572,13.2302,52.5301
1573,13.2318,52.5314
1574,13.2309,52.5322
1575,13.2332,52.5384
1576,13.2333,52.5382
1577,13.2334,52.5382
1578,13.2334,52.5381
1579,13.2332,52.5377
1580,13.233,52.5373
1581,13.2323,52.5374
1582,13.2325,52.5379
1583,13.2326,52.5381
1584,13.2324,52.5382
1585,13.2324,52.5383
1586,13.2326,52.5388
1587,13.2327,52.539
1588,13.2328,52.539
1589,13.2331,52.5391
1590,13.234,52.5391
1591,13.2354,52.5392
1592,13.2365,52.5391
1593,13.2476,52.5374
1594,13.2474,52.5374
1595,13.2469,52.5374
1596,13.2468,52.5375
1597,13.2469,52.5378
1598,13.2476,52.5377
1599,13.2476,52.5376
1600,13.2477,52.5375
1601,13.247,52.5376
1602,13.2475,52.5376
1603,13.2467,52.538
1604,13.2467,52.5379
1605,13.218,52.537
1606,13.2172,52.5373
1607,13.2169,52.5373
1608,13.2454,52.5443
1609,13.242,52.5435
1610,13.2419,52.5435
1611,13.2418,52.5435
1612,13.2418,52.5434
1613,13.2414,52.5433
1614,13.2413,52.5433
1615,13.2408,52.5432
1616,13.2406,52.5431
1617,13.2403,52.543
1618,13.2401,52.543
1619,13.24,52.543
1620,13.2477,52.5424
1621,13.2476,52.5424
1622,13.2474,52.5424
1623,13.2189,52.5404
1624,13.2189,52.5406
1625,13.2189,52.5407
1626,13.2189,52.5408
1627,13.2189,52.5402
1628,13.219,52.5393
1629,13.219,52.5397
1630,13.219,52.5399
1631,13.2189,52.5401
1632,13.2376,52.5304
1633,13.2375,52.5305
1634,13.2375,52.5308
1635,13.2377,52.5296
1636,13.2376,52.5297
1637,13.2376,52.5298
1638,13.2375,52.53
1639,13.2375,52.5301
1640,13.2378,52.5308
1641,13.2372,52.5297
1642,13.2373,52.5296
1643,13.2375,52.5297
1644,13.238,52.5298
1645,13.2401,52.5295
1646,13.2402,52.5295
1647,13.2403,52.5294
1648,13.2403,52.5293
1649,13.238,52.5296
1650,13.2379,52.5296
1651,13.2378,52.5298
1652,13.2377,52.53
1653,13.238,52.5308
1654,13.2382,52.5314
1655,13.2384,52.5314
1656,13.2388,52.5314
1657,13.2395,52.5313
1658,13.2403,52.531
1659,13.2409,52.5309
1660,13.2407,52.5302
1661,13.2287,52.5383
1662,13.2286,52.5383
1663,13.2284,52.5384
1664,13.2283,52.5384
1665,13.2291,52.5383
1666,13.2302,52.5416
1667,13.2305,52.5415
1668,13.231,52.5413
1669,13.2419,52.5434
1670,13.242,52.5434
1671,13.2369,52.5314
1672,13.237,52.5311
1673,13.2372,52.5309
1674,13.2372,52.5307
1675,13.2372,52.5306
1676,13.2373,52.5305
1677,13.2373,52.5303
1678,13.2373,52.5301
1679,13.2373,52.5299
1680,13.2371,52.5292
1681,13.2351,52.533
1682,13.2354,52.5329
1683,13.2356,52.5328
1684,13.22,52.5405
1685,13.2201,52.5405
1686,13.2199,52.5405
1687,13.2202,52.5408
1688,13.2201,52.5409
1689,13.2203,52.5408
1690,13.2197,52.5409
1691,13.2196,52.5409
1692,13.22,52.5409
1693,13.2388,52.5376
1694,13.2392,52.5386
1695,13.2405,52.5384
1696,13.2402,52.5374
1697,13.2411,52.5383
1698,13.2412,52.5385
1699,13.2412,52.5386
1700,13.2407,52.5386
1701,13.2277,52.5368
1702,13.2254,52.5365
1703,13.2264,52.5445
1704,13.227,52.5457
1705,13.2332,52.5454
1706,13.2333,52.5452
1707,13.2332,52.5451
1708,13.233,52.545
1709,13.2329,52.5449
1710,13.2328,52.5449
1711,13.2329,52.5448
1712,13.233,52.5447
1713,13.2332,52.5444
1714,13.2332,52.5443
1715,13.2334,52.5449
1716,13.2336,52.5449
1717,13.2337,52.5449
1718,13.2339,52.545
1719,13.2451,52.5431
1720,13.2425,52.541
1721,13.2413,52.538
1722,13.2413,52.5379
1723,13.2412,52.5376
1724,13.2411,52.5376
1725,13.241,52.5375
1726,13.24,52.537
1727,13.2392,52.5366
1728,13.2388,52.5365
1729,13.2387,52.5365
1730,13.2387,52.5364
1731,13.2385,52.5362
1732,13.2381,52.536
1733,13.2256,52.5387
1734,13.2256,52.5385
1735,13.2255,52.5384
1736,13.2254,52.5384
1737,13.2252,52.5383
1738,13.225,52.5382
1739,13.2246,52.5381
1740,13.2231,52.5377
1741,13.223,52.5377
1742,13.2231,52.5375
1743,13.2232,52.5374
1744,13.2257,52.5385
1745,13.226,52.5385
1746,13.2263,52.5385
1747,13.2266,52.5385
1748,13.2267,52.5385
1749,13.2268,52.5385
1750,13.2272,52.5386
1751,13.2273,52.5386
1752,13.2246,52.5383
1753,13.2246,52.5382
1754,13.2226,52.5389
1755,13.2227,52.5386
1756,13.2229,52.5383
1757,13.2229,52.538
1758,13.223,52.538
1759,13.223,52.5379
1760,13.2201,52.5399
1761,13.2209,52.54
1762,13.2209,52.5392
1763,13.2209,52.5391
1764,13.2209,52.539
1765,13.242,52.5285
1766,13.242,52.5284
1767,13.2419,52.5284
1768,13.242,52.5283
1769,13.2421,52.5282
1770,13.2422,52.5282
1771,13.2423,52.5282
1772,13.2423,52.5283
1773,13.2325,52.5349
1774,13.2331,52.5351
1775,13.2334,52.5358
1776,13.233,52.5358
1777,13.2324,52.5359
1778,13.232,52.535
1779,13.2385,52.542
1780,13.2386,52.542
1781,13.2388,52.5421
1782,13.2387,52.5423
1783,13.2389,52.5423
1784,13.2391,52.5422
1785,13.2177,52.5393
1786,13.223,52.5346
1787,13.2269,52.53
1788,13.2276,52.5299
1789,13.232,52.5297
1790,13.2322,52.53
1791,13.2202,52.5392
1792,13.2421,52.5379
1793,13.2422,52.5383
1794,13.2417,52.5384
1795,13.2169,52.5315
1796,13.217,52.5317
1797,13.2181,52.5315
1798,13.218,52.5314
1799,13.218,52.5313
1800,13.2207,52.531
1801,13.2208,52.5313
1802,13.2207,52.5313
1803,13.2207,52.5314
1804,13.2205,52.5316
1805,13.2204,52.5316
1806,13.2203,52.5316
1807,13.2191,52.5317
1808,13.2433,52.5429
1809,13.2434,52.5429
1810,13.2435,52.5429
1811,13.2439,52.5433
1812,13.2343,52.5384
1813,13.2346,52.5385
1814,13.2345,52.5382
1815,13.2342,52.5382
1816,13.2341,52.5385
1817,13.2338,52.5378
1818,13.2341,52.5377
1819,13.2338,52.537
1820,13.2335,52.537
1821,13.2267,52.5302
1822,13.2266,52.53
1823,13.2346,52.5294
1824,13.2347,52.5297
1825,13.2348,52.5299
1826,13.2352,52.5301
1827,13.2371,52.5306
1828,13.237,52.5306
1829,13.2368,52.5305
1830,13.2361,52.5303
1831,13.2364,52.5297
1832,13.2363,52.5297
1833,13.236,52.5296
1834,13.2359,52.5296
1835,13.2355,52.5302
1836,13.236,52.5303
1837,13.2195,52.5375
1838,13.2197,52.5375
1839,13.2198,52.5372
1840,13.22,52.5372
1841,13.2199,52.5371
1842,13.2199,52.537
1843,13.2205,52.5372
1844,13.2205,52.5373
1845,13.2207,52.5373
1846,13.2199,52.5378
1847,13.2197,52.5376
1848,13.219,52.5388
1849,13.2192,52.5387
1850,13.2198,52.5385
1851,13.219,52.5385
1852,13.2195,52.5381
1853,13.2183,52.5378
1854,13.2184,52.5379
1855,13.2186,52.5381
1856,13.2188,52.5383
1857,13.2189,52.5384
1858,13.219,52.5386
1859,13.2194,52.5381
1860,13.2197,52.5383
1861,13.2196,52.5382
1862,13.2193,52.538
1863,13.2192,52.5378
1864,13.2191,52.5377
1865,13.2179,52.538
1866,13.2188,52.538
1867,13.2204,52.5402
1868,13.2207,52.5402
1869,13.2208,52.5402
1870,13.2209,52.5401
1871,13.2201,52.5397
1872,13.2227,52.5398
1873,13.2225,52.5398
1874,13.2224,52.5398
1875,13.2222,52.5398
1876,13.2223,52.5392
1877,13.2224,52.5393
1878,13.2189,52.5381
1879,13.2303,52.5418
1880,13.2306,52.5417
1881,13.2308,52.5417
1882,13.231,52.5416
1883,13.2311,52.5415
1884,13.2313,52.5414
1885,13.2315,52.5412
1886,13.2317,52.541
1887,13.2309,52.5418
1888,13.2309,52.5419
1889,13.231,52.542
1890,13.2311,52.542
1891,13.2311,52.5421
1892,13.2311,52.5425
1893,13.2312,52.5425
1894,13.2314,52.5425
1895,13.2314,52.542
1896,13.2313,52.5419
1897,13.2333,52.5411
1898,13.2332,52.5411
1899,13.233,52.5415
1900,13.232,52.5399
1901,13.2319,52.5399
1902,13.2318,52.54
1903,13.2316,52.54
1904,13.2307,52.5386
1905,13.2306,52.5387
1906,13.2305,52.5387
1907,13.2302,52.5389
1908,13.2302,52.5392
1909,13.2306,52.5388
1910,13.231,52.539
1911,13.2296,52.5391
1912,13.2297,52.5392
1913,13.2297,52.5393
1914,13.2297,52.5395
1915,13.2298,52.5395
1916,13.2296,52.5396
1917,13.2294,52.5396
1918,13.2292,52.5396
1919,13.2287,52.5394
1920,13.2288,52.5393
1921,13.2289,52.5392
1922,13.2289,52.5391
1923,13.229,52.539
1924,13.229,52.5389
1925,13.2289,52.5389
1926,13.2286,52.5389
1927,13.2286,52.539
1928,13.2282,52.5385
1929,13.2281,52.5385
1930,13.2266,52.5404
1931,13.2266,52.5403
1932,13.2266,52.5391
1933,13.2266,52.539
1934,13.2282,52.5386
1935,13.2282,52.5387
1936,13.2282,52.5395
1937,13.2282,52.5397
1938,13.2283,52.5397
1939,13.2296,52.5397
1940,13.2297,52.5397
1941,13.2298,52.5397
1942,13.2299,52.5399
1943,13.2299,52.54
1944,13.2298,52.54
1945,13.2291,52.5401
1946,13.2267,52.5406
1947,13.2266,52.5406
1948,13.2265,52.5406
1949,13.2265,52.539
1950,13.2263,52.5406
1951,13.2261,52.5406
1952,13.2286,52.5387
1953,13.2286,52.5382
1954,13.2288,52.5381
1955,13.222,52.5309
1956,13.222,52.531
1957,13.222,52.5312
1958,13.2221,52.5313
1959,13.2222,52.5313
1960,13.2231,52.5312
1961,13.2232,52.5311
1962,13.2232,52.5309
1963,13.2232,52.5308
1964,13.222,52.5315
1965,13.2218,52.5316
1966,13.2216,52.5317
1967,13.2216,52.5318
1968,13.2217,52.5322
1969,13.2217,52.5324
1970,13.2218,52.5327
1971,13.2219,52.5328
1972,13.2218,52.5315
1973,13.2215,52.5315
1974,13.2222,52.5315
1975,13.2229,52.5315
1976,13.2226,52.543
1977,13.2229,52.5429
1978,13.2232,52.5429
1979,13.2235,52.5428
1980,13.2237,52.5428
1981,13.2227,52.5426
1982,13.223,52.5426
1983,13.2338,52.5459
1984,13.2336,52.5459
1985,13.2335,52.5459
1986,13.2334,52.546
1987,13.2209,52.5367
1988,13.2208,52.5367
1989,13.2208,52.5366
1990,13.2207,52.5364
1991,13.2328,52.5398
1992,13.2328,52.5397
1993,13.2334,52.5398
1994,13.2166,52.5331
1995,13.2173,52.533
1996,13.2364,52.5424
1997,13.2365,52.5422
1998,13.2389,52.5428
1999,13.2388,52.5429
2000,13.2387,52.5431
2001,13.2437,52.5463
2002,13.2465,52.5465
2003,13.2437,52.5465
2004,13.2465,52.5467
2005,13.2438,52.5462
2006,13.2465,52.5464
2007,13.2465,52.5468
2008,13.2272,52.5407
2009,13.2274,52.5411
2010,13.2268,52.5413
2011,13.2265,52.5413
2012,13.2265,52.5414
2013,13.2265,52.5418
2014,13.2264,52.5419
2015,13.2265,52.5419
2016,13.2259,52.5425
2017,13.2282,52.5421
2018,13.2283,52.5421
2019,13.2285,52.5421
2020,13.2289,52.5429
2021,13.2283,52.5419
2022,13.2287,52.5418
2023,13.229,52.5418
2024,13.2294,52.5417
2025,13.2295,52.5417
2026,13.2299,52.5416
2027,13.23,52.5416
2028,13.2301,52.5416
2029,13.2267,52.5408
2030,13.2302,52.5401
2031,13.2303,52.5401
2032,13.2304,52.5402
2033,13.244,52.5341
2034,13.243,52.5343
2035,13.2423,52.5344
2036,13.2421,52.5344
2037,13.2415,52.5317
2038,13.2401,52.5324
2039,13.2482,52.5433
2040,13.2478,52.5432
2041,13.2475,52.5432
2042,13.2474,52.5432
2043,13.2472,52.5432
2044,13.2342,52.5415
2045,13.2342,52.5416
2046,13.2341,52.5416
2047,13.234,52.5417
2048,13.2272,52.5281
2049,13.2273,52.5283
2050,13.2267,52.5284
2051,13.2266,52.5282
2052,13.226,52.5283
2053,13.2236,52.5399
2054,13.2239,52.5399
2055,13.2239,52.5395
2056,13.2234,52.5399
2057,13.2236,52.5395
2058,13.2236,52.5394
2059,13.2226,52.5402
2060,13.2232,52.5401
2061,13.2233,52.5401
2062,13.2234,52.54
2063,13.2172,52.5381
2064,13.2248,52.5358
2065,13.2256,52.536
2066,13.2275,52.5362
2067,13.2273,52.5366
2068,13.2398,52.5286
2069,13.2397,52.5286
2070,13.2394,52.5287
2071,13.2391,52.5288
2072,13.2387,52.5289
2073,13.2383,52.529
2074,13.2382,52.529
2075,13.2382,52.5291
2076,13.2328,52.5336
2077,13.2346,52.5332
2078,13.244,52.5376
2079,13.2442,52.5376
2080,13.2455,52.5372
2081,13.2223,52.541
2082,13.221,52.5409
2083,13.2209,52.5409
2084,13.2469,52.542
2085,13.2469,52.5419
2086,13.2212,52.5391
2087,13.2222,52.5392
2088,13.22,52.5401
2089,13.22,52.5402
2090,13.22,52.5399
2091,13.219,52.539
2092,13.219,52.5392
2093,13.2193,52.5397
2094,13.2193,52.5393
2095,13.2177,52.5382
2096,13.2179,52.5381
2097,13.2181,52.5381
2098,13.2182,52.5381
2099,13.2184,52.538
2100,13.2199,52.5386
2101,13.2199,52.5387
2102,13.2199,52.5388
2103,13.22,52.5389
2104,13.2411,52.5361
2105,13.2412,52.5361
2106,13.2414,52.536
2107,13.2411,52.5359
2108,13.2411,52.5357
2109,13.2412,52.5356
2110,13.2232,52.5312
2111,13.2233,52.5313
2112,13.2233,52.5314
2113,13.2234,52.5318
2114,13.2233,52.5319
2115,13.2232,52.532
2116,13.2225,52.532
2117,13.2224,52.532
2118,13.2224,52.5321
2119,13.2223,52.5321
2120,13.2224,52.5327
2121,13.2185,52.5313
2122,13.2186,52.5315
2123,13.2188,52.5315
2124,13.219,52.5315
2125,13.2191,52.5315
2126,13.2192,52.5315
2127,13.2194,52.5315
2128,13.2195,52.5315
2129,13.2198,52.5315
2130,13.2202,52.5315
2131,13.2203,52.5315
2132,13.2306,52.5466
2133,13.2307,52.5466
2134,13.2308,52.5467
2135,13.2309,52.5467
2136,13.2289,52.5386
2137,13.2354,52.5293
2138,13.2354,52.5295
2139,13.236,52.5295
2140,13.2465,52.5444
2141,13.2465,52.5445
2142,13.2465,52.5447
2143,13.2412,52.5375
2144,13.2411,52.5374
2145,13.2413,52.5372
2146,13.2404,52.5367
2147,13.2457,52.5442
2148,13.2457,52.544
2149,13.2228,52.538
2150,13.2226,52.5379
2151,13.2225,52.5379
2152,13.2327,52.5333
2153,13.2326,52.5333
2154,13.2322,52.5333
2155,13.232,52.5334
2156,13.2319,52.5334
2157,13.2318,52.5333
2158,13.2328,52.5335
2159,13.2328,52.5334
2160,13.2328,52.5332
2161,13.2328,52.5331
2162,13.2257,52.5305
2163,13.2257,52.5306
2164,13.2259,52.5312
2165,13.226,52.5315
2166,13.2241,52.5317
2167,13.2242,52.5321
2168,13.2244,52.5328
2169,13.2229,52.533
2170,13.2213,52.5331
2171,13.2256,52.5307
2172,13.2253,52.5306
2173,13.2246,52.5307
2174,13.2243,52.5308
2175,13.2242,52.5308
2176,13.2241,52.5308
2177,13.2241,52.5307
2178,13.2209,52.5326
2179,13.2208,52.5327
2180,13.2202,52.5327
2181,13.2221,52.5415
2182,13.2219,52.5415
2183,13.2244,52.5382
2184,13.2391,52.5451
2185,13.239,52.5453
2186,13.238,52.5294
2187,13.2379,52.5292
2188,13.2378,52.529
2189,13.2383,52.5293
2190,13.2383,52.5295
2191,13.2382,52.5292
2192,13.2395,52.5291
2193,13.2388,52.5292
2194,13.2399,52.5292
2195,13.2388,52.5293
2196,13.2398,52.5291
2197,13.24,52.5293
2198,13.2399,52.5293
2199,13.2388,52.5295
2200,13.2234,52.5396
2201,13.2234,52.5395
2202,13.2237,52.5395
2203,13.2241,52.5395
2204,13.2409,52.5421
2205,13.2408,52.5421
2206,13.2407,52.5424
2207,13.2406,52.5421
2208,13.2405,52.5423
2209,13.2222,52.5353
2210,13.2221,52.5352
2211,13.2213,52.5353
2212,13.2209,52.5353
2213,13.2389,52.54
2214,13.2394,52.5401
2215,13.2396,52.5454
2216,13.2402,52.5452
2217,13.2401,52.5454
2218,13.2408,52.5453
2219,13.2408,52.5454
2220,13.2407,52.5454
2221,13.2407,52.5455
2222,13.2353,52.5466
2223,13.2347,52.5464
2224,13.2342,52.5462
2225,13.236,52.5468
2226,13.2385,52.5419
2227,13.239,52.542
2228,13.2378,52.5425
2229,13.2376,52.5427
2230,13.2352,52.542
2231,13.2354,52.5419
2232,13.2384,52.5373
2233,13.2385,52.5372
2234,13.2391,52.5371
2235,13.2392,52.5372
2236,13.2372,52.5299
2237,13.2371,52.5299
2238,13.237,52.5299
2239,13.2369,52.5299
2240,13.2368,52.5298
2241,13.2371,52.5304
2242,13.2371,52.5303
2243,13.2372,52.5303
2244,13.2189,52.5318
2245,13.2187,52.5319
2246,13.2187,52.532
2247,13.2188,52.5323
2248,13.2189,52.5323
2249,13.2203,52.5322
2250,13.2204,52.5322
2251,13.2205,52.5321
2252,13.2204,52.5317
2253,13.2211,52.54
2254,13.2212,52.5402
2255,13.2212,52.5403
2256,13.2212,52.5405
2257,13.2472,52.5401
2258,13.2461,52.54
2259,13.246,52.5403
2260,13.2471,52.5404
2261,13.2352,52.5387
2262,13.2353,52.5385
2263,13.2354,52.5385
2264,13.2355,52.5385
2265,13.2358,52.5385
2266,13.2361,52.5386
2267,13.2362,52.5388
2268,13.2405,52.5418
2269,13.2395,52.5415
2270,13.2394,52.5415
2271,13.2414,52.5441
2272,13.2412,52.5441
2273,13.2413,52.5438
2274,13.2449,52.5363
2275,13.245,52.5363
2276,13.2451,52.5364
2277,13.2308,52.5301
2278,13.2316,52.53
2279,13.2316,52.5297
2280,13.2248,52.5426
2281,13.2313,52.5349
2282,13.2316,52.5356
2283,13.2316,52.5286
2284,13.2318,52.5286
2285,13.232,52.5286
2286,13.2324,52.5286
2287,13.2327,52.5285
2288,13.2397,52.5288
2289,13.2398,52.5288
2290,13.2399,52.5288
2291,13.24,52.5289
2292,13.2397,52.5291
2293,13.2434,52.5421
2294,13.2436,52.5421
2295,13.2437,52.5423
2296,13.2421,52.5393
2297,13.2421,52.5392
2298,13.242,52.5391
2299,13.242,52.5389
2300,13.231,52.5467
2301,13.2309,52.5462
2302,13.2308,52.5463
2303,13.2307,52.5465
2304,13.2305,52.5466
2305,13.2305,52.5467
2306,13.2315,52.5458
2307,13.2314,52.5458
2308,13.232,52.5406
2309,13.2321,52.5406
2310,13.2312,52.5381
2311,13.231,52.5376
2312,13.2307,52.538
2313,13.2306,52.5379
2314,13.2306,52.5377
2315,13.2299,52.538
2316,13.2299,52.5379
2317,13.23,52.5377
2318,13.23,52.5376
2319,13.2323,52.5372
2320,13.2324,52.5371
2321,13.2323,52.5368
2322,13.2321,52.5368
2323,13.2321,52.5367
2324,13.2322,52.5366
2325,13.2322,52.5365
2326,13.2315,52.5381
2327,13.2315,52.538
2328,13.2314,52.5376
2329,13.2315,52.5376
2330,13.2319,52.5375
2331,13.2319,52.5381
2332,13.2317,52.5381
2333,13.2314,52.5381
2334,13.233,52.5372
2335,13.2287,52.5327
2336,13.2424,52.5435
2337,13.2425,52.5435
2338,13.2425,52.5434
2339,13.244,52.5433
2340,13.2441,52.5427
2341,13.2452,52.5437
2342,13.2451,52.5284
2343,13.2446,52.528
2344,13.2441,52.528
2345,13.2438,52.5282
2346,13.2438,52.5287
2347,13.2443,52.5288
2348,13.2452,52.5283
2349,13.2401,52.5357
2350,13.2398,52.5352
2351,13.2399,52.5352
2352,13.2399,52.5351
2353,13.2408,52.5349
2354,13.2404,52.5342
2355,13.2399,52.5343
2356,13.2398,52.5343
2357,13.2394,52.5341
2358,13.2393,52.5341
2359,13.239,52.5341
2360,13.2388,52.5341
2361,13.2386,52.5342
2362,13.2384,52.5343
2363,13.2384,52.5344
2364,13.2383,52.5344
2365,13.2382,52.5346
2366,13.2382,52.5347
2367,13.2383,52.5349
2368,13.2384,52.535
2369,13.2385,52.5351
2370,13.2387,52.5352
2371,13.239,52.5352
2372,13.2392,52.5352
2373,13.2395,52.5352
2374,13.2397,52.5351
2375,13.2398,52.535
2376,13.2399,52.535
2377,13.24,52.5348
2378,13.2401,52.5347
2379,13.2406,52.5346
2380,13.242,52.5342
2381,13.2429,52.5439
2382,13.2429,52.544
2383,13.2476,52.5378
2384,13.2463,52.5316
2385,13.2459,52.5317
2386,13.2467,52.5315
2387,13.2215,52.5313
2388,13.2218,52.5313
2389,13.222,52.5316
2390,13.2221,52.532
2391,13.2243,52.5311
2392,13.2238,52.5313
2393,13.2237,52.5313
2394,13.2238,52.5315
2395,13.2243,52.5313
2396,13.2211,52.5322
2397,13.2176,52.5314
2398,13.2234,52.5394
2399,13.2235,52.54
2400,13.2236,52.54
2401,13.2241,52.54
2402,13.228,52.5384
2403,13.2281,52.5384
2404,13.2282,52.5383
2405,13.2283,52.5383
2406,13.2273,52.5384
2407,13.2277,52.5383
2408,13.2279,52.5383
2409,13.2262,52.5391
2410,13.2262,52.5394
2411,13.2262,52.5397
2412,13.2261,52.5401
2413,13.2243,52.5402
2414,13.2223,52.5409
2415,13.2216,52.5409
2416,13.2211,52.5408
2417,13.2211,52.5407
2418,13.2195,52.5409
2419,13.2195,52.5408
2420,13.2194,52.5408
2421,13.2193,52.5408
2422,13.219,52.5408
2423,13.2281,52.5454
2424,13.2336,52.5295
2425,13.2337,52.5296
2426,13.2343,52.5296
2427,13.2344,52.5296
2428,13.237,52.5314
2429,13.2371,52.5314
2430,13.2372,52.5315
2431,13.2376,52.5318
2432,13.2381,52.5322
2433,13.2374,52.5324
2434,13.2365,52.5328
2435,13.2364,52.5326
2436,13.2366,52.5323
2437,13.2372,52.532
2438,13.237,52.5318
2439,13.2382,52.5315
2440,13.2381,52.5315
2441,13.238,52.5315
2442,13.2372,52.5312
2443,13.2374,52.531
2444,13.2374,52.5309
2445,13.2454,52.5318
2446,13.2458,52.5327
2447,13.2459,52.533
2448,13.2458,52.533
2449,13.2454,52.5331
2450,13.245,52.532
2451,13.2449,52.532
2452,13.2443,52.5321
2453,13.2441,52.5321
2454,13.2428,52.5323
2455,13.2468,52.5349
2456,13.2467,52.5348
2457,13.2466,52.5347
2458,13.2465,52.5345
2459,13.2464,52.5342
2460,13.2463,52.5342
2461,13.2462,52.5343
2462,13.246,52.5341
2463,13.2468,52.534
2464,13.2467,52.534
2465,13.2465,52.5335
2466,13.2193,52.5376
2467,13.2473,52.5339
2468,13.2449,52.5364
2469,13.2448,52.5364
2470,13.2441,52.5366
2471,13.244,52.5366
2472,13.244,52.5365
2473,13.244,52.5364
2474,13.2441,52.5364
2475,13.2445,52.5363
2476,13.2447,52.5363
2477,13.2407,52.5439
2478,13.2408,52.5439
2479,13.2409,52.5438
2480,13.2406,52.5432
2481,13.2404,52.5435
2482,13.2412,52.5438
2483,13.2207,52.5409
2484,13.2204,52.5408
2485,13.2275,52.5441
2486,13.2287,52.542
2487,13.2286,52.5421
2488,13.2259,52.5424
2489,13.2259,52.5423
2490,13.2255,52.5424
2491,13.2254,52.5425
2492,13.2213,52.5423
2493,13.2219,52.5422
2494,13.2214,52.5426
2495,13.222,52.542
2496,13.2221,52.5422
2497,13.2194,52.5409
2498,13.2189,52.5409
2499,13.2188,52.5409
2500,13.2194,52.5413
2501,13.2188,52.5413
2502,13.2381,52.529
2503,13.2381,52.5288
2504,13.2353,52.5413
2505,13.241,52.542
2506,13.241,52.5419
2507,13.2411,52.5419
2508,13.2418,52.5421
2509,13.2295,52.5466
2510,13.241,52.5379
2511,13.2409,52.5379
2512,13.2408,52.5377
2513,13.2407,52.5377
2514,13.2406,52.5377
2515,13.2198,52.5405
2516,13.2217,52.5406
2517,13.2186,52.5399
2518,13.2186,52.5401
2519,13.2352,52.5296
2520,13.2353,52.5296
2521,13.2357,52.5296
2522,13.2469,52.5388
2523,13.2474,52.5388
2524,13.247,52.539
2525,13.2474,52.5389
2526,13.2468,52.5386
2527,13.2468,52.5388
2528,13.2469,52.539
2529,13.2462,52.5386
2530,13.2471,52.5386
2531,13.2473,52.5386
2532,13.2474,52.5386
2533,13.2474,52.5385
2534,13.2473,52.5385
2535,13.2471,52.5384
2536,13.2457,52.541
2537,13.2458,52.5406
2538,13.247,52.5407
2539,13.2468,52.5411
2540,13.2469,52.5411
2541,13.2468,52.5416
2542,13.2468,52.5417
2543,13.2456,52.5416
2544,13.2456,52.5415
2545,13.2459,52.5405
2546,13.2459,52.5404
2547,13.2459,52.5403
2548,13.247,52.5404
2549,13.2471,52.5405
2550,13.2442,52.5382
2551,13.2437,52.5371
2552,13.242,52.5392
2553,13.2419,52.5391
2554,13.2421,52.5418
2555,13.2325,52.5387
2556,13.2325,52.5388
2557,13.2327,52.5388
2558,13.2328,52.5386
2559,13.2331,52.5407
2560,13.2331,52.5408
2561,13.2326,52.5402
2562,13.2382,52.5424
2563,13.239,52.5388
2564,13.2389,52.5386
2565,13.2389,52.5385
2566,13.2342,52.5384
2567,13.2297,52.5369
2568,13.2231,52.537
2569,13.2231,52.5369
2570,13.2229,52.5368
2571,13.2226,52.5362
2572,13.223,52.5361
2573,13.2229,52.5364
2574,13.223,52.5365
2575,13.2232,52.5369
2576,13.2235,52.5361
2577,13.2409,52.538
2578,13.2214,52.5368
2579,13.2215,52.5366
2580,13.2215,52.5363
2581,13.2207,52.5323
2582,13.2206,52.5323
2583,13.2197,52.5324
2584,13.2417,52.5433
2585,13.2226,52.5391
2586,13.2227,52.5391
2587,13.2234,52.5391
2588,13.2338,52.54
2589,13.2227,52.5392
2590,13.2228,52.5392
2591,13.2229,52.5392
2592,13.2234,52.5392
2593,13.2302,52.5417
2594,13.2283,52.542
2595,13.2265,52.542
2596,13.2266,52.5421
2597,13.2266,52.5422
2598,13.228,52.5416
2599,13.2282,52.5417
2600,13.2281,52.5419
2601,13.2295,52.5328
2602,13.2248,52.5455
2603,13.2251,52.5454
2604,13.2251,52.5453
2605,13.225,52.5454
2606,13.2377,52.5459
2607,13.2375,52.5463
2608,13.2374,52.5464
2609,13.2371,52.5468
2610,13.237,52.5469
2611,13.2369,52.547
2612,13.2369,52.5471
2613,13.2368,52.5472
2614,13.2363,52.5479
2615,13.2386,52.5447
2616,13.2395,52.543
2617,13.2396,52.543
2618,13.2325,52.5394
2619,13.2324,52.5394
2620,13.228,52.5378
2621,13.2286,52.5379
2622,13.2287,52.5379
2623,13.2236,52.5373
2624,13.2234,52.5373
2625,13.223,52.5372
2626,13.2226,52.5372
2627,13.2214,52.537
2628,13.2211,52.537
2629,13.2209,52.537
2630,13.2205,52.537
2631,13.2201,52.537
2632,13.2197,52.5371
2633,13.2286,52.538
2634,13.2415,52.5385
2635,13.2423,52.5384
2636,13.2422,52.5384
2637,13.2405,52.5386
2638,13.2406,52.5386
2639,13.2388,52.5385
2640,13.2385,52.5386
2641,13.2217,52.5366
2642,13.2218,52.5366
2643,13.2216,52.5366
2644,13.2434,52.5437
2645,13.2434,52.5438
2646,13.2425,52.5453
2647,13.2428,52.5453
2648,13.2364,52.5321
2649,13.2367,52.5317
2650,13.2368,52.5315
